task,length,items,raw_tokens,codec_tokens,saved_pct,factor,lossless,tpl_saved_pct,tpl_lossless
niah_single,4096,4,3422,125,96.3,27.376,True,96.3,True
niah_single,4096,4,3424,127,96.3,26.961,True,96.3,True
niah_single,4096,4,3422,120,96.5,28.517,True,96.5,True
niah_single,4096,4,3422,126,96.3,27.159,True,96.3,True
niah_single,4096,4,3423,126,96.3,27.167,True,96.3,True
niah_single,4096,4,3424,127,96.3,26.961,True,96.3,True
niah_single,4096,4,3421,124,96.4,27.589,True,96.4,True
niah_single,4096,4,3424,122,96.4,28.066,True,96.4,True
niah_single,4096,4,3423,126,96.3,27.167,True,96.3,True
niah_single,4096,4,3423,127,96.3,26.953,True,96.3,True
niah_single,4096,4,3423,126,96.3,27.167,True,96.3,True
niah_single,4096,4,3422,118,96.6,29.0,True,96.6,True
niah_single,4096,4,3421,125,96.3,27.368,True,96.3,True
niah_single,4096,4,3421,120,96.5,28.508,True,96.5,True
niah_single,4096,4,3423,127,96.3,26.953,True,96.3,True
niah_single,4096,4,3423,127,96.3,26.953,True,96.3,True
niah_single,4096,4,3421,125,96.3,27.368,True,96.3,True
niah_single,4096,4,3422,125,96.3,27.376,True,96.3,True
niah_single,4096,4,3422,126,96.3,27.159,True,96.3,True
niah_single,4096,4,3421,124,96.4,27.589,True,96.4,True
niah_multikey,4096,6,3359,3359,0.0,1.0,True,52.8,True
niah_multikey,4096,6,3340,3340,0.0,1.0,True,53.1,True
niah_multikey,4096,6,3341,3341,0.0,1.0,True,53.1,True
niah_multikey,4096,6,3353,3353,0.0,1.0,True,52.9,True
niah_multikey,4096,6,3353,3353,0.0,1.0,True,52.9,True
niah_multikey,4096,6,3364,3364,0.0,1.0,True,52.7,True
niah_multikey,4096,6,3368,3368,0.0,1.0,True,52.6,True
niah_multikey,4096,6,3358,3358,0.0,1.0,True,52.9,True
niah_multikey,4096,6,3347,3347,0.0,1.0,True,53.1,True
niah_multikey,4096,6,3351,3351,0.0,1.0,True,52.9,True
niah_multikey,4096,6,3354,3354,0.0,1.0,True,52.9,True
niah_multikey,4096,6,3347,3347,0.0,1.0,True,53.1,True
niah_multikey,4096,6,3357,3357,0.0,1.0,True,52.8,True
niah_multikey,4096,6,3362,3362,0.0,1.0,True,52.8,True
niah_multikey,4096,6,3357,3357,0.0,1.0,True,52.8,True
niah_multikey,4096,6,3348,3348,0.0,1.0,True,53.0,True
niah_multikey,4096,6,3345,3345,0.0,1.0,True,53.0,True
niah_multikey,4096,6,3365,3365,0.0,1.0,True,52.8,True
niah_multikey,4096,6,3345,3345,0.0,1.0,True,53.1,True
niah_multikey,4096,6,3359,3359,0.0,1.0,True,52.8,True
qa,4096,22,2901,2901,0.0,1.0,True,0.0,True
qa,4096,22,2795,2795,0.0,1.0,True,0.0,True
qa,4096,22,2852,2852,0.0,1.0,True,0.0,True
qa,4096,22,2592,2592,0.0,1.0,True,0.0,True
qa,4096,22,2836,2836,0.0,1.0,True,0.0,True
qa,4096,22,3230,3230,0.0,1.0,True,0.0,True
qa,4096,22,2978,2978,0.0,1.0,True,0.0,True
qa,4096,22,3228,3228,0.0,1.0,True,0.0,True
qa,4096,22,2739,2739,0.0,1.0,True,0.0,True
qa,4096,22,3118,3118,0.0,1.0,True,0.0,True
qa,4096,22,3006,3006,0.0,1.0,True,0.0,True
qa,4096,22,3261,3261,0.0,1.0,True,0.0,True
qa,4096,22,2774,2774,0.0,1.0,True,0.0,True
qa,4096,22,3090,3090,0.0,1.0,True,0.0,True
qa,4096,22,3035,3035,0.0,1.0,True,0.0,True
qa,4096,22,3087,3087,0.0,1.0,True,0.0,True
qa,4096,22,3253,3253,0.0,1.0,True,0.0,True
qa,4096,22,3030,3030,0.0,1.0,True,0.0,True
qa,4096,22,3310,3310,0.0,1.0,True,0.0,True
qa,4096,22,3144,3144,0.0,1.0,True,0.0,True
niah_single,4096,1,4423,4423,0.0,1.0,True,0.0,True
niah_single,4096,1,4424,4424,0.0,1.0,True,0.0,True
niah_single,4096,1,4423,4423,0.0,1.0,True,0.0,True
niah_single,4096,1,4424,4424,0.0,1.0,True,0.0,True
niah_single,4096,1,4425,4425,0.0,1.0,True,0.0,True
niah_single,4096,1,4424,4424,0.0,1.0,True,0.0,True
niah_single,4096,1,4424,4424,0.0,1.0,True,0.0,True
niah_single,4096,1,4424,4424,0.0,1.0,True,0.0,True
niah_single,4096,1,4424,4424,0.0,1.0,True,0.0,True
niah_single,4096,1,4423,4423,0.0,1.0,True,0.0,True
niah_single,4096,1,4426,4426,0.0,1.0,True,0.0,True
niah_single,4096,1,4424,4424,0.0,1.0,True,0.0,True
niah_single,4096,1,4425,4425,0.0,1.0,True,0.0,True
niah_single,4096,1,4423,4423,0.0,1.0,True,0.0,True
niah_single,4096,1,4423,4423,0.0,1.0,True,0.0,True
niah_single,4096,1,4423,4423,0.0,1.0,True,0.0,True
niah_single,4096,1,4425,4425,0.0,1.0,True,0.0,True
niah_single,4096,1,4423,4423,0.0,1.0,True,0.0,True
niah_single,4096,1,4423,4423,0.0,1.0,True,0.0,True
niah_single,4096,1,4424,4424,0.0,1.0,True,0.0,True
niah_single,4096,1,4418,4418,0.0,1.0,True,0.0,True
niah_single,4096,1,4417,4417,0.0,1.0,True,0.0,True
niah_single,4096,1,4418,4418,0.0,1.0,True,0.0,True
niah_single,4096,1,4419,4419,0.0,1.0,True,0.0,True
niah_single,4096,1,4417,4417,0.0,1.0,True,0.0,True
niah_single,4096,1,4417,4417,0.0,1.0,True,0.0,True
niah_single,4096,1,4418,4418,0.0,1.0,True,0.0,True
niah_single,4096,1,4417,4417,0.0,1.0,True,0.0,True
niah_single,4096,1,4417,4417,0.0,1.0,True,0.0,True
niah_single,4096,1,4418,4418,0.0,1.0,True,0.0,True
niah_single,4096,1,4419,4419,0.0,1.0,True,0.0,True
niah_single,4096,1,4418,4418,0.0,1.0,True,0.0,True
niah_single,4096,1,4417,4417,0.0,1.0,True,0.0,True
niah_single,4096,1,4418,4418,0.0,1.0,True,0.0,True
niah_single,4096,1,4419,4419,0.0,1.0,True,0.0,True
niah_single,4096,1,4417,4417,0.0,1.0,True,0.0,True
niah_single,4096,1,4418,4418,0.0,1.0,True,0.0,True
niah_single,4096,1,4418,4418,0.0,1.0,True,0.0,True
niah_single,4096,1,4418,4418,0.0,1.0,True,0.0,True
niah_single,4096,1,4418,4418,0.0,1.0,True,0.0,True
qa,4096,32,4003,4003,0.0,1.0,True,0.0,True
qa,4096,32,3591,3591,0.0,1.0,True,0.0,True
qa,4096,32,4026,4026,0.0,1.0,True,0.0,True
qa,4096,22,2970,2970,0.0,1.0,True,0.0,True
qa,4096,22,3341,3341,0.0,1.0,True,0.0,True
qa,4096,22,3316,3316,0.0,1.0,True,0.0,True
qa,4096,22,2725,2725,0.0,1.0,True,0.0,True
qa,4096,32,4123,4123,0.0,1.0,True,0.0,True
qa,4096,22,2969,2815,5.2,1.055,True,5.2,True
qa,4096,32,3902,3902,0.0,1.0,True,0.0,True
qa,4096,22,3193,3193,0.0,1.0,True,0.0,True
qa,4096,22,3029,3029,0.0,1.0,True,0.0,True
qa,4096,32,3729,3729,0.0,1.0,True,0.0,True
qa,4096,32,3917,3917,0.0,1.0,True,0.0,True
qa,4096,32,4251,4251,0.0,1.0,True,0.0,True
qa,4096,22,3774,3774,0.0,1.0,True,0.0,True
qa,4096,32,4213,4213,0.0,1.0,True,0.0,True
qa,4096,32,3957,3957,0.0,1.0,True,0.0,True
qa,4096,22,2784,2784,0.0,1.0,True,0.0,True
qa,4096,22,3018,3018,0.0,1.0,True,0.0,True
vt,4096,4,3560,519,85.4,6.859,True,85.4,True
vt,4096,4,3560,526,85.2,6.768,True,85.2,True
vt,4096,4,3561,518,85.5,6.875,True,85.5,True
vt,4096,4,3561,521,85.4,6.835,True,85.4,True
vt,4096,4,3560,526,85.2,6.768,True,85.2,True
vt,4096,4,3561,530,85.1,6.719,True,85.1,True
vt,4096,4,3561,525,85.3,6.783,True,85.3,True
vt,4096,4,3560,514,85.6,6.926,True,85.6,True
vt,4096,4,3561,498,86.0,7.151,True,86.0,True
vt,4096,4,3561,525,85.3,6.783,True,85.3,True
vt,4096,4,3561,525,85.3,6.783,True,85.3,True
vt,4096,4,3561,525,85.3,6.783,True,85.3,True
vt,4096,4,3561,530,85.1,6.719,True,85.1,True
vt,4096,4,3561,526,85.2,6.77,True,85.2,True
vt,4096,4,3561,515,85.5,6.915,True,85.5,True
vt,4096,4,3560,521,85.4,6.833,True,85.4,True
vt,4096,4,3560,526,85.2,6.768,True,85.2,True
vt,4096,4,3560,526,85.2,6.768,True,85.2,True
vt,4096,4,3561,520,85.4,6.848,True,85.4,True
vt,4096,4,3561,502,85.9,7.094,True,85.9,True
niah_multikey,4096,2,1485,1485,0.0,1.0,True,28.4,True
niah_multikey,4096,2,1485,1485,0.0,1.0,True,28.4,True
niah_multikey,4096,2,1485,1485,0.0,1.0,True,28.4,True
niah_multikey,4096,2,1485,1485,0.0,1.0,True,28.4,True
niah_multikey,4096,2,1485,1485,0.0,1.0,True,28.4,True
niah_multikey,4096,2,1485,1485,0.0,1.0,True,28.4,True
niah_multikey,4096,2,1485,1485,0.0,1.0,True,28.4,True
niah_multikey,4096,2,1485,1485,0.0,1.0,True,28.4,True
niah_multikey,4096,2,1485,1485,0.0,1.0,True,28.4,True
niah_multikey,4096,2,1485,1485,0.0,1.0,True,28.4,True
niah_multikey,4096,2,1485,1485,0.0,1.0,True,28.4,True
niah_multikey,4096,2,1485,1485,0.0,1.0,True,28.4,True
niah_multikey,4096,2,1485,1485,0.0,1.0,True,28.4,True
niah_multikey,4096,2,1485,1485,0.0,1.0,True,28.4,True
niah_multikey,4096,2,1485,1485,0.0,1.0,True,28.4,True
niah_multikey,4096,2,1485,1485,0.0,1.0,True,28.4,True
niah_multikey,4096,2,1485,1485,0.0,1.0,True,28.4,True
niah_multikey,4096,2,1485,1485,0.0,1.0,True,28.4,True
niah_multikey,4096,2,1485,1485,0.0,1.0,True,28.4,True
niah_multikey,4096,2,1485,1485,0.0,1.0,True,28.4,True
niah_single,8192,9,7353,144,98.0,51.062,True,98.0,True
niah_single,8192,9,7356,146,98.0,50.384,True,98.0,True
niah_single,8192,9,7355,151,97.9,48.709,True,97.9,True
niah_single,8192,9,7355,152,97.9,48.388,True,97.9,True
niah_single,8192,9,7355,151,97.9,48.709,True,97.9,True
niah_single,8192,9,7354,150,98.0,49.027,True,98.0,True
niah_single,8192,9,7354,150,98.0,49.027,True,98.0,True
niah_single,8192,9,7353,145,98.0,50.71,True,98.0,True
niah_single,8192,9,7355,152,97.9,48.388,True,97.9,True
niah_single,8192,9,7356,153,97.9,48.078,True,97.9,True
niah_single,8192,9,7353,150,98.0,49.02,True,98.0,True
niah_single,8192,9,7354,145,98.0,50.717,True,98.0,True
niah_single,8192,9,7355,151,97.9,48.709,True,97.9,True
niah_single,8192,9,7353,150,98.0,49.02,True,98.0,True
niah_single,8192,9,7354,151,97.9,48.702,True,97.9,True
niah_single,8192,9,7355,140,98.1,52.536,True,98.1,True
niah_single,8192,9,7354,151,97.9,48.702,True,97.9,True
niah_single,8192,9,7355,152,97.9,48.388,True,97.9,True
niah_single,8192,9,7356,153,97.9,48.078,True,97.9,True
niah_single,8192,9,7356,152,97.9,48.395,True,97.9,True
niah_multikey,8192,11,7077,7077,0.0,1.0,True,53.6,True
niah_multikey,8192,11,7099,7099,0.0,1.0,True,53.5,True
niah_multikey,8192,11,7084,7084,0.0,1.0,True,53.6,True
niah_multikey,8192,11,7100,7100,0.0,1.0,True,53.4,True
niah_multikey,8192,11,7054,7054,0.0,1.0,True,53.8,True
niah_multikey,8192,11,7069,7069,0.0,1.0,True,53.7,True
niah_multikey,8192,11,7076,7076,0.0,1.0,True,53.6,True
niah_multikey,8192,11,7086,7086,0.0,1.0,True,53.6,True
niah_multikey,8192,11,7053,7053,0.0,1.0,True,53.8,True
niah_multikey,8192,11,7076,7076,0.0,1.0,True,53.6,True
niah_multikey,8192,11,7066,7066,0.0,1.0,True,53.7,True
niah_multikey,8192,11,7064,7064,0.0,1.0,True,53.8,True
niah_multikey,8192,11,7073,7073,0.0,1.0,True,53.7,True
niah_multikey,8192,11,7090,7090,0.0,1.0,True,53.5,True
niah_multikey,8192,11,7101,7101,0.0,1.0,True,53.4,True
niah_multikey,8192,11,7073,7073,0.0,1.0,True,53.6,True
niah_multikey,8192,11,7064,7064,0.0,1.0,True,53.7,True
niah_multikey,8192,11,7098,7098,0.0,1.0,True,53.5,True
niah_multikey,8192,11,7080,7080,0.0,1.0,True,53.6,True
niah_multikey,8192,11,7075,7075,0.0,1.0,True,53.7,True
qa,8192,52,7529,7529,0.0,1.0,True,0.0,True
qa,8192,52,7343,7343,0.0,1.0,True,0.0,True
qa,8192,52,7489,7489,0.0,1.0,True,0.0,True
qa,8192,52,7371,7371,0.0,1.0,True,0.0,True
qa,8192,52,7411,7411,0.0,1.0,True,0.0,True
qa,8192,52,7533,7533,0.0,1.0,True,0.0,True
qa,8192,52,7420,7420,0.0,1.0,True,0.0,True
qa,8192,52,7420,7420,0.0,1.0,True,0.0,True
qa,8192,52,7328,7328,0.0,1.0,True,0.0,True
qa,8192,52,7360,7360,0.0,1.0,True,0.0,True
qa,8192,52,7350,7350,0.0,1.0,True,0.0,True
qa,8192,52,7331,7331,0.0,1.0,True,0.0,True
qa,8192,52,7431,7431,0.0,1.0,True,0.0,True
qa,8192,52,7442,7442,0.0,1.0,True,0.1,True
qa,8192,52,7432,7432,0.0,1.0,True,0.0,True
qa,8192,52,7390,7390,0.0,1.0,True,0.0,True
qa,8192,52,7353,7353,0.0,1.0,True,0.0,True
qa,8192,52,7389,7389,0.0,1.0,True,0.0,True
qa,8192,52,7336,7336,0.0,1.0,True,0.0,True
qa,8192,52,7753,7753,0.0,1.0,True,0.0,True
niah_single,8192,1,9438,9438,0.0,1.0,True,0.0,True
niah_single,8192,1,9438,9438,0.0,1.0,True,0.0,True
niah_single,8192,1,9437,9437,0.0,1.0,True,0.0,True
niah_single,8192,1,9440,9440,0.0,1.0,True,0.0,True
niah_single,8192,1,9438,9438,0.0,1.0,True,0.0,True
niah_single,8192,1,9439,9439,0.0,1.0,True,0.0,True
niah_single,8192,1,9437,9437,0.0,1.0,True,0.0,True
niah_single,8192,1,9437,9437,0.0,1.0,True,0.0,True
niah_single,8192,1,9438,9438,0.0,1.0,True,0.0,True
niah_single,8192,1,9439,9439,0.0,1.0,True,0.0,True
niah_single,8192,1,9437,9437,0.0,1.0,True,0.0,True
niah_single,8192,1,9437,9437,0.0,1.0,True,0.0,True
niah_single,8192,1,9438,9438,0.0,1.0,True,0.0,True
niah_single,8192,1,9437,9437,0.0,1.0,True,0.0,True
niah_single,8192,1,9440,9440,0.0,1.0,True,0.0,True
niah_single,8192,1,9436,9436,0.0,1.0,True,0.0,True
niah_single,8192,1,9438,9438,0.0,1.0,True,0.0,True
niah_single,8192,1,9438,9438,0.0,1.0,True,0.0,True
niah_single,8192,1,9438,9438,0.0,1.0,True,0.0,True
niah_single,8192,1,9437,9437,0.0,1.0,True,0.0,True
niah_single,8192,1,9432,9432,0.0,1.0,True,0.0,True
niah_single,8192,1,9432,9432,0.0,1.0,True,0.0,True
niah_single,8192,1,9432,9432,0.0,1.0,True,0.0,True
niah_single,8192,1,9433,9433,0.0,1.0,True,0.0,True
niah_single,8192,1,9432,9432,0.0,1.0,True,0.0,True
niah_single,8192,1,9432,9432,0.0,1.0,True,0.0,True
niah_single,8192,1,9432,9432,0.0,1.0,True,0.0,True
niah_single,8192,1,9434,9434,0.0,1.0,True,0.0,True
niah_single,8192,1,9432,9432,0.0,1.0,True,0.0,True
niah_single,8192,1,9432,9432,0.0,1.0,True,0.0,True
niah_single,8192,1,9432,9432,0.0,1.0,True,0.0,True
niah_single,8192,1,9432,9432,0.0,1.0,True,0.0,True
niah_single,8192,1,9433,9433,0.0,1.0,True,0.0,True
niah_single,8192,1,9431,9431,0.0,1.0,True,0.0,True
niah_single,8192,1,9433,9433,0.0,1.0,True,0.0,True
niah_single,8192,1,9433,9433,0.0,1.0,True,0.0,True
niah_single,8192,1,9432,9432,0.0,1.0,True,0.0,True
niah_single,8192,1,9431,9431,0.0,1.0,True,0.0,True
niah_single,8192,1,9433,9433,0.0,1.0,True,0.0,True
niah_single,8192,1,9431,9431,0.0,1.0,True,0.0,True
qa,8192,52,7287,7287,0.0,1.0,True,0.0,True
qa,8192,62,8478,8478,0.0,1.0,True,0.0,True
qa,8192,62,7660,7660,0.0,1.0,True,0.0,True
qa,8192,52,7161,7161,0.0,1.0,True,0.0,True
qa,8192,52,8021,8021,0.0,1.0,True,0.0,True
qa,8192,52,7251,7251,0.0,1.0,True,0.0,True
qa,8192,62,8144,8144,0.0,1.0,True,0.0,True
qa,8192,62,7773,7773,0.0,1.0,True,0.0,True
qa,8192,62,8573,8419,1.8,1.018,True,1.8,True
qa,8192,62,8373,8373,0.0,1.0,True,0.0,True
qa,8192,62,8074,8074,0.0,1.0,True,0.0,True
qa,8192,62,8351,8351,0.0,1.0,True,0.0,True
qa,8192,62,7647,7647,0.0,1.0,True,0.0,True
qa,8192,62,8364,8364,0.0,1.0,True,0.0,True
qa,8192,52,6324,6324,0.0,1.0,True,0.0,True
qa,8192,62,8653,8653,0.0,1.0,True,0.0,True
qa,8192,62,8063,8063,0.0,1.0,True,0.0,True
qa,8192,52,7761,7761,0.0,1.0,True,0.0,True
qa,8192,62,7942,7942,0.0,1.0,True,0.0,True
qa,8192,52,6913,6913,0.0,1.0,True,0.0,True
vt,8192,9,7423,552,92.6,13.447,True,92.6,True
vt,8192,9,7423,552,92.6,13.447,True,92.6,True
vt,8192,9,7423,551,92.6,13.472,True,92.6,True
vt,8192,9,7423,546,92.6,13.595,True,92.6,True
vt,8192,9,7423,545,92.7,13.62,True,92.7,True
vt,8192,9,7422,551,92.6,13.47,True,92.6,True
vt,8192,9,7423,551,92.6,13.472,True,92.6,True
vt,8192,9,7423,540,92.7,13.746,True,92.7,True
vt,8192,9,7423,545,92.7,13.62,True,92.7,True
vt,8192,9,7423,546,92.6,13.595,True,92.6,True
vt,8192,9,7423,552,92.6,13.447,True,92.6,True
vt,8192,9,7423,551,92.6,13.472,True,92.6,True
vt,8192,9,7423,550,92.6,13.496,True,92.6,True
vt,8192,9,7423,551,92.6,13.472,True,92.6,True
vt,8192,9,7423,552,92.6,13.447,True,92.6,True
vt,8192,9,7423,546,92.6,13.595,True,92.6,True
vt,8192,9,7423,550,92.6,13.496,True,92.6,True
vt,8192,9,7423,556,92.5,13.351,True,92.5,True
vt,8192,9,7423,546,92.6,13.595,True,92.6,True
vt,8192,9,7423,551,92.6,13.472,True,92.6,True
niah_multikey,8192,4,3620,3620,0.0,1.0,True,29.1,True
niah_multikey,8192,4,3620,3620,0.0,1.0,True,29.1,True
niah_multikey,8192,4,3620,3620,0.0,1.0,True,29.1,True
niah_multikey,8192,4,3620,3620,0.0,1.0,True,29.1,True
niah_multikey,8192,4,3620,3620,0.0,1.0,True,29.1,True
niah_multikey,8192,4,3620,3620,0.0,1.0,True,29.1,True
niah_multikey,8192,4,3620,3620,0.0,1.0,True,29.1,True
niah_multikey,8192,4,3620,3620,0.0,1.0,True,29.1,True
niah_multikey,8192,4,3620,3620,0.0,1.0,True,29.1,True
niah_multikey,8192,4,3620,3620,0.0,1.0,True,29.1,True
niah_multikey,8192,4,3620,3620,0.0,1.0,True,29.1,True
niah_multikey,8192,4,3620,3620,0.0,1.0,True,29.1,True
niah_multikey,8192,4,3620,3620,0.0,1.0,True,29.1,True
niah_multikey,8192,4,3620,3620,0.0,1.0,True,29.1,True
niah_multikey,8192,4,3620,3620,0.0,1.0,True,29.1,True
niah_multikey,8192,4,3620,3620,0.0,1.0,True,29.1,True
niah_multikey,8192,4,3620,3620,0.0,1.0,True,29.1,True
niah_multikey,8192,4,3620,3620,0.0,1.0,True,29.1,True
niah_multikey,8192,4,3620,3620,0.0,1.0,True,29.1,True
niah_multikey,8192,4,3620,3620,0.0,1.0,True,29.1,True
niah_single,16384,17,14658,190,98.7,77.147,True,98.7,True
niah_single,16384,17,14659,191,98.7,76.749,True,98.7,True
niah_single,16384,17,14660,191,98.7,76.754,True,98.7,True
niah_single,16384,17,14659,191,98.7,76.749,True,98.7,True
niah_single,16384,17,14660,192,98.7,76.354,True,98.7,True
niah_single,16384,17,14661,193,98.7,75.964,True,98.7,True
niah_single,16384,17,14661,192,98.7,76.359,True,98.7,True
niah_single,16384,17,14659,190,98.7,77.153,True,98.7,True
niah_single,16384,17,14660,192,98.7,76.354,True,98.7,True
niah_single,16384,17,14659,190,98.7,77.153,True,98.7,True
niah_single,16384,17,14659,191,98.7,76.749,True,98.7,True
niah_single,16384,17,14659,191,98.7,76.749,True,98.7,True
niah_single,16384,17,14659,191,98.7,76.749,True,98.7,True
niah_single,16384,17,14660,191,98.7,76.754,True,98.7,True
niah_single,16384,17,14659,190,98.7,77.153,True,98.7,True
niah_single,16384,17,14659,191,98.7,76.749,True,98.7,True
niah_single,16384,17,14659,185,98.7,79.238,True,98.7,True
niah_single,16384,17,14660,191,98.7,76.754,True,98.7,True
niah_single,16384,17,14660,192,98.7,76.354,True,98.7,True
niah_single,16384,17,14658,184,98.7,79.663,True,98.7,True
niah_multikey,16384,23,14904,14904,0.0,1.0,True,53.9,True
niah_multikey,16384,23,14908,14908,0.0,1.0,True,53.9,True
niah_multikey,16384,23,14922,14922,0.0,1.0,True,53.8,True
niah_multikey,16384,23,14944,14944,0.0,1.0,True,53.7,True
niah_multikey,16384,23,14903,14903,0.0,1.0,True,53.9,True
niah_multikey,16384,23,14921,14921,0.0,1.0,True,53.8,True
niah_multikey,16384,23,14894,14894,0.0,1.0,True,53.9,True
niah_multikey,16384,23,14949,14949,0.0,1.0,True,53.7,True
niah_multikey,16384,23,14938,14938,0.0,1.0,True,53.8,True
niah_multikey,16384,23,14924,14924,0.0,1.0,True,53.8,True
niah_multikey,16384,23,14930,14930,0.0,1.0,True,53.8,True
niah_multikey,16384,23,14963,14963,0.0,1.0,True,53.7,True
niah_multikey,16384,23,14896,14896,0.0,1.0,True,53.9,True
niah_multikey,16384,23,14939,14939,0.0,1.0,True,53.7,True
niah_multikey,16384,23,14909,14909,0.0,1.0,True,53.9,True
niah_multikey,16384,23,14915,14915,0.0,1.0,True,53.8,True
niah_multikey,16384,23,14985,14985,0.0,1.0,True,53.6,True
niah_multikey,16384,23,14962,14962,0.0,1.0,True,53.7,True
niah_multikey,16384,23,14930,14930,0.0,1.0,True,53.8,True
niah_multikey,16384,23,14926,14926,0.0,1.0,True,53.8,True
qa,16384,92,14992,14992,0.0,1.0,True,0.0,True
qa,16384,92,15271,15271,0.0,1.0,True,0.0,True
qa,16384,92,15975,15975,0.0,1.0,True,0.0,True
qa,16384,92,15818,15818,0.0,1.0,True,0.0,True
qa,16384,92,14913,14913,0.0,1.0,True,0.0,True
qa,16384,92,15362,15362,0.0,1.0,True,0.0,True
qa,16384,92,17036,17036,0.0,1.0,True,0.0,True
qa,16384,92,15553,15553,0.0,1.0,True,0.0,True
qa,16384,92,16272,16272,0.0,1.0,True,0.0,True
qa,16384,92,16438,16438,0.0,1.0,True,0.0,True
qa,16384,92,15497,15497,0.0,1.0,True,0.0,True
qa,16384,92,15812,15812,0.0,1.0,True,0.0,True
qa,16384,92,15793,15793,0.0,1.0,True,0.0,True
qa,16384,92,15286,15286,0.0,1.0,True,0.0,True
qa,16384,92,15481,15481,0.0,1.0,True,0.0,True
qa,16384,92,15348,15348,0.0,1.0,True,0.0,True
qa,16384,92,15843,15843,0.0,1.0,True,0.0,True
qa,16384,92,15208,15208,0.0,1.0,True,0.0,True
qa,16384,92,16279,16279,0.0,1.0,True,0.0,True
qa,16384,92,14885,14885,0.0,1.0,True,0.0,True
niah_single,16384,1,18636,18636,0.0,1.0,True,0.0,True
niah_single,16384,1,18638,18638,0.0,1.0,True,0.0,True
niah_single,16384,1,18635,18635,0.0,1.0,True,0.0,True
niah_single,16384,1,18637,18637,0.0,1.0,True,0.0,True
niah_single,16384,1,18637,18637,0.0,1.0,True,0.0,True
niah_single,16384,1,18637,18637,0.0,1.0,True,0.0,True
niah_single,16384,1,18636,18636,0.0,1.0,True,0.0,True
niah_single,16384,1,18635,18635,0.0,1.0,True,0.0,True
niah_single,16384,1,18635,18635,0.0,1.0,True,0.0,True
niah_single,16384,1,18636,18636,0.0,1.0,True,0.0,True
niah_single,16384,1,18636,18636,0.0,1.0,True,0.0,True
niah_single,16384,1,18636,18636,0.0,1.0,True,0.0,True
niah_single,16384,1,18636,18636,0.0,1.0,True,0.0,True
niah_single,16384,1,18635,18635,0.0,1.0,True,0.0,True
niah_single,16384,1,18636,18636,0.0,1.0,True,0.0,True
niah_single,16384,1,18638,18638,0.0,1.0,True,0.0,True
niah_single,16384,1,18636,18636,0.0,1.0,True,0.0,True
niah_single,16384,1,18636,18636,0.0,1.0,True,0.0,True
niah_single,16384,1,18636,18636,0.0,1.0,True,0.0,True
niah_single,16384,1,18637,18637,0.0,1.0,True,0.0,True
niah_single,16384,1,18629,18629,0.0,1.0,True,0.0,True
niah_single,16384,1,18632,18632,0.0,1.0,True,0.0,True
niah_single,16384,1,18631,18631,0.0,1.0,True,0.0,True
niah_single,16384,1,18630,18630,0.0,1.0,True,0.0,True
niah_single,16384,1,18630,18630,0.0,1.0,True,0.0,True
niah_single,16384,1,18632,18632,0.0,1.0,True,0.0,True
niah_single,16384,1,18629,18629,0.0,1.0,True,0.0,True
niah_single,16384,1,18633,18633,0.0,1.0,True,0.0,True
niah_single,16384,1,18631,18631,0.0,1.0,True,0.0,True
niah_single,16384,1,18630,18630,0.0,1.0,True,0.0,True
niah_single,16384,1,18630,18630,0.0,1.0,True,0.0,True
niah_single,16384,1,18630,18630,0.0,1.0,True,0.0,True
niah_single,16384,1,18630,18630,0.0,1.0,True,0.0,True
niah_single,16384,1,18630,18630,0.0,1.0,True,0.0,True
niah_single,16384,1,18632,18632,0.0,1.0,True,0.0,True
niah_single,16384,1,18630,18630,0.0,1.0,True,0.0,True
niah_single,16384,1,18631,18631,0.0,1.0,True,0.0,True
niah_single,16384,1,18631,18631,0.0,1.0,True,0.0,True
niah_single,16384,1,18632,18632,0.0,1.0,True,0.0,True
niah_single,16384,1,18631,18631,0.0,1.0,True,0.0,True
qa,16384,112,16444,16444,0.0,1.0,True,0.0,True
qa,16384,122,14455,14455,0.0,1.0,True,0.0,True
qa,16384,122,15988,15988,0.0,1.0,True,0.0,True
qa,16384,122,16849,16849,0.0,1.0,True,0.0,True
qa,16384,112,16543,16543,0.0,1.0,True,0.0,True
qa,16384,112,16547,16547,0.0,1.0,True,0.0,True
qa,16384,122,16681,16681,0.0,1.0,True,0.0,True
qa,16384,122,15852,15852,0.0,1.0,True,0.0,True
qa,16384,122,17142,16988,0.9,1.009,True,0.9,True
qa,16384,122,14898,14898,0.0,1.0,True,0.0,True
qa,16384,122,17230,17230,0.0,1.0,True,0.0,True
qa,16384,122,16766,16766,0.0,1.0,True,0.0,True
qa,16384,122,16294,16294,0.0,1.0,True,0.0,True
qa,16384,132,16785,16776,0.1,1.001,True,0.1,True
qa,16384,122,17051,17051,0.0,1.0,True,0.0,True
qa,16384,112,16478,16478,0.0,1.0,True,0.0,True
qa,16384,132,17029,17029,0.0,1.0,True,0.0,True
qa,16384,122,15458,15448,0.1,1.001,True,0.1,True
qa,16384,122,17336,17336,0.0,1.0,True,0.0,True
qa,16384,122,16056,16056,0.0,1.0,True,0.0,True
vt,16384,17,15378,593,96.1,25.933,True,96.1,True
vt,16384,17,15378,592,96.2,25.976,True,96.2,True
vt,16384,17,15378,586,96.2,26.242,True,96.2,True
vt,16384,17,15378,597,96.1,25.759,True,96.1,True
vt,16384,17,15378,592,96.2,25.976,True,96.2,True
vt,16384,17,15378,586,96.2,26.242,True,96.2,True
vt,16384,17,15378,592,96.2,25.976,True,96.2,True
vt,16384,17,15378,588,96.2,26.153,True,96.2,True
vt,16384,17,15378,591,96.2,26.02,True,96.2,True
vt,16384,17,15378,591,96.2,26.02,True,96.2,True
vt,16384,17,15378,592,96.2,25.976,True,96.2,True
vt,16384,17,15378,587,96.2,26.198,True,96.2,True
vt,16384,17,15378,586,96.2,26.242,True,96.2,True
vt,16384,17,15378,591,96.2,26.02,True,96.2,True
vt,16384,17,15378,591,96.2,26.02,True,96.2,True
vt,16384,17,15378,592,96.2,25.976,True,96.2,True
vt,16384,17,15378,586,96.2,26.242,True,96.2,True
vt,16384,17,15378,587,96.2,26.198,True,96.2,True
vt,16384,17,15378,591,96.2,26.02,True,96.2,True
vt,16384,17,15378,592,96.2,25.976,True,96.2,True
niah_multikey,16384,7,7892,7892,0.0,1.0,True,29.5,True
niah_multikey,16384,7,7892,7892,0.0,1.0,True,29.5,True
niah_multikey,16384,7,7892,7892,0.0,1.0,True,29.5,True
niah_multikey,16384,7,7892,7892,0.0,1.0,True,29.5,True
niah_multikey,16384,7,7892,7892,0.0,1.0,True,29.5,True
niah_multikey,16384,7,7892,7892,0.0,1.0,True,29.5,True
niah_multikey,16384,7,7892,7892,0.0,1.0,True,29.5,True
niah_multikey,16384,7,7892,7892,0.0,1.0,True,29.5,True
niah_multikey,16384,7,7892,7892,0.0,1.0,True,29.5,True
niah_multikey,16384,7,7892,7892,0.0,1.0,True,29.5,True
niah_multikey,16384,7,7892,7892,0.0,1.0,True,29.5,True
niah_multikey,16384,7,7892,7892,0.0,1.0,True,29.5,True
niah_multikey,16384,7,7892,7892,0.0,1.0,True,29.5,True
niah_multikey,16384,7,7892,7892,0.0,1.0,True,29.5,True
niah_multikey,16384,7,7892,7892,0.0,1.0,True,29.5,True
niah_multikey,16384,7,7892,7892,0.0,1.0,True,29.5,True
niah_multikey,16384,7,7892,7892,0.0,1.0,True,29.5,True
niah_multikey,16384,7,7892,7892,0.0,1.0,True,29.5,True
niah_multikey,16384,7,7892,7892,0.0,1.0,True,29.5,True
niah_multikey,16384,7,7892,7892,0.0,1.0,True,29.5,True
